{
  "mean_reward": -191.8064441987231,
  "std_reward": 16.439643416061156,
  "mean_cost": 40.657981078521395,
  "std_cost": 5.634829073868931,
  "mean_penalty": 148.75346312020173,
  "std_penalty": 11.338383166332969,
  "mean_aoi": 0.728390394501261,
  "mean_energy": 0.032453292509749175,
  "mean_price": 1.264479867211006,
  "mean_per": 0.45607688997521495,
  "mean_base_cost": 40.506471084440314,
  "mean_comp_aoi": 14.567807890025213,
  "mean_comp_energy": 0.6490658501949835,
  "mean_comp_price": 25.28959734422012,
  "mean_comp_per": 0.15150999408107363
}