{
  "mean_reward": -155.45126999754766,
  "std_reward": 15.994277488859234,
  "mean_cost": 31.31734462961421,
  "std_cost": 4.413348375702257,
  "mean_penalty": 123.78392536793342,
  "std_penalty": 11.708274699918107,
  "mean_aoi": 0.6891557835495838,
  "mean_energy": 0.03411787895200978,
  "mean_price": 0.8372669700739381,
  "mean_per": 0.33111306186182937,
  "mean_base_cost": 31.210812651510633,
  "mean_comp_aoi": 13.783115670991677,
  "mean_comp_energy": 0.6823575790401957,
  "mean_comp_price": 16.745339401478763,
  "mean_comp_per": 0.10653197810357842
}