{
  "mean_reward": -206.59416340733824,
  "std_reward": 26.076928608884405,
  "mean_cost": 47.40612525918992,
  "std_cost": 8.255001298992788,
  "mean_penalty": 156.4380381481483,
  "std_penalty": 17.642347556997056,
  "mean_aoi": 0.7484939884259267,
  "mean_energy": 0.030878989247534794,
  "mean_price": 1.582383988592842,
  "mean_per": 0.4771831281395772,
  "mean_base_cost": 47.235139325326074,
  "mean_comp_aoi": 14.969879768518535,
  "mean_comp_energy": 0.6175797849506959,
  "mean_comp_price": 31.647679771856836,
  "mean_comp_per": 0.17098593386385003
}