{
  "mean_reward": -168.6595770571784,
  "std_reward": 24.482929446439407,
  "mean_cost": 36.60819689933492,
  "std_cost": 9.023964600465245,
  "mean_penalty": 131.4563801578435,
  "std_penalty": 16.210052406986616,
  "mean_aoi": 0.6866836259865218,
  "mean_energy": 0.03258877607978152,
  "mean_price": 1.1036527877787967,
  "mean_per": 0.43438093311027004,
  "mean_base_cost": 36.458503796901994,
  "mean_comp_aoi": 13.733672519730433,
  "mean_comp_energy": 0.6517755215956302,
  "mean_comp_price": 22.07305575557594,
  "mean_comp_per": 0.1496931024329232
}